{"Settings":"[{\"key\":\"DayLength\",\"value\":480},{\"key\":\"AutoSave\",\"value\":true},{\"key\":\"ProgressBarStyle\",\"value\":\"gray\"}]","Tasks":"[{\"type\":\"generaltask\",\"name\":\"Task 1\",\"start\":1608071812000,\"end\":1608073852000,\"link_id\":null,\"plannedTaskId\":null,\"notes\":null,\"color\":\"green\",\"icon\":\"fa-file-o\",\"estimate\":null},{\"type\":\"planned\",\"name\":\"Task 3\",\"start\":1608073852000,\"end\":null,\"link_id\":null,\"plannedTaskId\":\"d6e4ab56-3baa-441d-c001-2cbaf2581347\",\"notes\":\"\",\"color\":\"stripe-green\",\"icon\":\"fa-file-o\",\"estimate\":0.25}]","Plans":"[{\"pastDue\":false,\"completed\":false,\"id\":\"bd1b6864-8e30-4939-db6d-cb1df51f6d4b\",\"name\":\"OMG FROM CLOUD yes\",\"color\":\"stripe-orange\",\"icon\":\"fa-file-o\",\"notes\":\"notes\",\"deadline\":\"2020-10-01T18:02:50.000Z\",\"priority\":false,\"date\":\"2020-12-15T05:01:50.219Z\",\"estimate\":1.25},{\"pastDue\":false,\"completed\":true,\"id\":\"08e01d7f-857d-4a62-f553-3e2495689327\",\"name\":\"Setup Repo\",\"color\":\"stripe-purple\",\"icon\":\"fa-file-o\",\"notes\":\"Monthly follow up with Rossen\",\"deadline\":\"\",\"priority\":false,\"date\":\"2020-10-17T04:01:54.044Z\",\"createdDate\":\"2020-10-07T16:11:33.501Z\",\"estimate\":0.75},{\"pastDue\":false,\"completed\":true,\"id\":\"a1659c24-6618-4c01-f095-9b0cfae223a6\",\"name\":\"Plan A\",\"color\":\"stripe-blue\",\"icon\":\"fa-file-o\",\"notes\":\"notes for A\",\"deadline\":\"\",\"priority\":false,\"date\":\"2020-10-17T05:03:52.617Z\",\"estimate\":0.25},{\"pastDue\":false,\"completed\":true,\"id\":\"5c015ab7-62d0-4479-37a6-7cd4bfab743b\",\"name\":\"Golf\",\"color\":\"stripe-green\",\"icon\":\"fa-file-o\",\"notes\":\"\",\"deadline\":\"\",\"priority\":false,\"date\":\"2020-10-17T04:01:54.044Z\",\"createdDate\":\"2020-10-11T16:05:44.873Z\",\"estimate\":5},{\"pastDue\":false,\"completed\":false,\"id\":\"59576615-5d67-4e38-7c21-6180dd163a9b\",\"name\":\"IAB Issues\",\"color\":\"stripe-green\",\"icon\":\"fa-file-o\",\"notes\":\"\",\"deadline\":\"\",\"priority\":false,\"date\":\"2020-12-15T05:01:50.219Z\",\"createdDate\":\"2020-10-07T15:28:08.751Z\",\"estimate\":0.25},{\"pastDue\":false,\"completed\":true,\"id\":\"b65e2701-26de-4311-b7aa-45e86dc16383\",\"name\":\"test 1\",\"color\":\"stripe-green\",\"icon\":\"fa-file-o\",\"notes\":\"\",\"deadline\":\"\",\"priority\":false,\"date\":\"2020-12-07T05:01:11.406Z\",\"createdDate\":\"2020-10-09T21:29:29.162Z\",\"estimate\":0.25},{\"pastDue\":false,\"completed\":true,\"id\":\"44935832-001b-4c67-d589-a5440f5e1a4a\",\"name\":\"Start Typing\",\"color\":\"stripe-yellow\",\"icon\":\"fa-file-o\",\"notes\":\"\",\"deadline\":\"\",\"priority\":false,\"date\":\"2020-12-07T16:43:11.426Z\",\"createdDate\":\"2020-10-13T15:17:12.731Z\",\"estimate\":1.75},{\"pastDue\":false,\"completed\":true,\"id\":\"109d5756-3c48-4507-07f1-24ca0d2b7e8d\",\"name\":\"Start Typing\",\"color\":\"stripe-green\",\"icon\":\"fa-file-o\",\"notes\":\"\",\"deadline\":\"\",\"priority\":false,\"date\":\"2020-10-17T15:19:19.590Z\",\"createdDate\":\"2020-10-17T15:19:19.590Z\",\"estimate\":1.25},{\"pastDue\":false,\"completed\":false,\"id\":\"d6e4ab56-3baa-441d-c001-2cbaf2581347\",\"name\":\"Task 3\",\"color\":\"stripe-green\",\"icon\":\"fa-file-o\",\"notes\":\"\",\"deadline\":\"\",\"priority\":false,\"date\":\"2020-12-15T05:01:50.219Z\",\"createdDate\":\"2020-12-13T22:06:12.569Z\",\"estimate\":0.25},{\"pastDue\":false,\"completed\":false,\"id\":\"d87bb55a-b2b8-4088-5817-1afaf00a0a5a\",\"name\":\"Task 4\",\"color\":\"stripe-green\",\"icon\":\"fa-file-o\",\"notes\":\"\",\"deadline\":\"\",\"priority\":false,\"date\":\"2020-12-15T05:01:50.219Z\",\"createdDate\":\"2020-12-13T22:06:12.569Z\",\"estimate\":0.25},{\"pastDue\":false,\"completed\":false,\"id\":\"9480c478-2467-43e4-813a-6019f2b70f22\",\"name\":\"Another one\",\"color\":\"stripe-orange\",\"icon\":\"fa-file-o\",\"notes\":\"\",\"deadline\":\"\",\"priority\":false,\"date\":\"2020-12-15T05:01:50.219Z\",\"createdDate\":\"2020-12-13T22:29:29.267Z\",\"estimate\":0.25}]","Estimates":"[]"}